filename, _oqmd_band_gap 
ID-4066011_OQMD-EnID-4794.poscar,2.332
ID-4066101_OQMD-EnID-5060.poscar,0.43
ID-4066203_OQMD-EnID-3022.poscar,3.737
ID-4066218_OQMD-EnID-3023.poscar,3.704
ID-4066422_OQMD-EnID-5305.poscar,3.691
ID-4066446_OQMD-EnID-5088.poscar,1.787
ID-4066752_OQMD-EnID-16688.poscar,2.983
ID-4066863_OQMD-EnID-5833.poscar,0.376
ID-4066872_OQMD-EnID-3025.poscar,3.856
ID-4066878_OQMD-EnID-3026.poscar,3.737
ID-4066884_OQMD-EnID-3028.poscar,3.746
ID-4066995_OQMD-EnID-13306.poscar,2.457
ID-4067067_OQMD-EnID-22805.poscar,1.92
ID-4067268_OQMD-EnID-23340.poscar,2.42
ID-4068234_OQMD-EnID-13429.poscar,0.667
ID-4068411_OQMD-EnID-5699.poscar,1.547
ID-4068549_OQMD-EnID-4772.poscar,0.846
ID-4068765_OQMD-EnID-4619.poscar,0.974
ID-4068864_OQMD-EnID-6278.poscar,1.151
ID-4069083_OQMD-EnID-20905.poscar,2.394
ID-4069152_OQMD-EnID-12126.poscar,1.286
ID-4069428_OQMD-EnID-6277.poscar,1.249
ID-4069536_OQMD-EnID-13475.poscar,0.632
ID-4069587_OQMD-EnID-6441.poscar,4.612
ID-4069851_OQMD-EnID-12776.poscar,4.067
ID-4069947_OQMD-EnID-4364.poscar,1.806
ID-4070010_OQMD-EnID-11567.poscar,2.587
ID-4070403_OQMD-EnID-5331.poscar,2.267
ID-4070436_OQMD-EnID-13400.poscar,3.761
ID-4070556_OQMD-EnID-13401.poscar,4.077
ID-4070622_OQMD-EnID-3756.poscar,1.239
ID-4070811_OQMD-EnID-5204.poscar,4.274
ID-4071063_OQMD-EnID-14248.poscar,0.658
ID-4071168_OQMD-EnID-30894.poscar,3.34
ID-4071558_OQMD-EnID-3696.poscar,3.16
ID-4071615_OQMD-EnID-5203.poscar,3.962
ID-4071837_OQMD-EnID-3699.poscar,3.123
ID-4071885_OQMD-EnID-4050.poscar,2.939
ID-4071915_OQMD-EnID-3698.poscar,3.097
ID-4071996_OQMD-EnID-3697.poscar,3.158
ID-4072059_OQMD-EnID-3112.poscar,4.402
ID-4072173_OQMD-EnID-12124.poscar,2.823
ID-4072587_OQMD-EnID-4773.poscar,2.297
ID-4072626_OQMD-EnID-6314.poscar,3.518
ID-4072677_OQMD-EnID-5206.poscar,2.221
ID-4072707_OQMD-EnID-21705.poscar,3.516
ID-4072812_OQMD-EnID-6074.poscar,4.281
ID-4072830_OQMD-EnID-6075.poscar,1.944
ID-4072842_OQMD-EnID-22741.poscar,4.637
ID-4072848_OQMD-EnID-6076.poscar,2.13
ID-4072953_OQMD-EnID-3292.poscar,1.552
ID-4072977_OQMD-EnID-2027.poscar,1.471
ID-4073124_OQMD-EnID-3597.poscar,7.339
ID-4073220_OQMD-EnID-5357.poscar,4.575
ID-4073385_OQMD-EnID-6839.poscar,1.558
ID-4073703_OQMD-EnID-7412.poscar,4.477
ID-4074156_OQMD-EnID-7411.poscar,3.785
ID-4074240_OQMD-EnID-22549.poscar,3.693
ID-4074654_OQMD-EnID-5164.poscar,4.566
ID-4074723_OQMD-EnID-16449.poscar,4.78
ID-4074882_OQMD-EnID-7233.poscar,4.177
ID-4074897_OQMD-EnID-5397.poscar,5.932
ID-4074957_OQMD-EnID-4670.poscar,2.323
ID-4075050_OQMD-EnID-16987.poscar,2.857
ID-4075071_OQMD-EnID-2635.poscar,0.385000000000001
ID-4075182_OQMD-EnID-12899.poscar,4.686
ID-4075395_OQMD-EnID-5209.poscar,1.351
ID-4075740_OQMD-EnID-22563.poscar,1.479
ID-4075812_OQMD-EnID-11397.poscar,3.881
ID-4075932_OQMD-EnID-4484.poscar,4.565
ID-4076181_OQMD-EnID-4515.poscar,2.149
ID-4076199_OQMD-EnID-6294.poscar,0.322000000000001
ID-4076289_OQMD-EnID-4514.poscar,2.496
ID-4076616_OQMD-EnID-5692.poscar,2.664
ID-4076742_OQMD-EnID-14766.poscar,4.743
ID-4076823_OQMD-EnID-24065.poscar,4.493
ID-4077147_OQMD-EnID-12493.poscar,1.196
ID-4077345_OQMD-EnID-12442.poscar,1.391
ID-4077360_OQMD-EnID-11332.poscar,4.476
ID-4077375_OQMD-EnID-24767.poscar,1.041
ID-4078179_OQMD-EnID-12441.poscar,1.393
ID-4078251_OQMD-EnID-12238.poscar,2.442
ID-4078338_OQMD-EnID-6057.poscar,4.974
ID-4078362_OQMD-EnID-3812.poscar,3.149
ID-4078395_OQMD-EnID-26187.poscar,0.993
ID-4078509_OQMD-EnID-7156.poscar,3.04
ID-4078560_OQMD-EnID-3454.poscar,1.118
ID-4078584_OQMD-EnID-5243.poscar,1.602
ID-4078683_OQMD-EnID-5620.poscar,5.186
ID-4078908_OQMD-EnID-11524.poscar,4.174
ID-4079061_OQMD-EnID-2513.poscar,0.463
ID-4079289_OQMD-EnID-5504.poscar,4.637
ID-4079343_OQMD-EnID-1747.poscar,4.312
ID-4079427_OQMD-EnID-11523.poscar,3.595
ID-4079739_OQMD-EnID-16451.poscar,1.325
ID-4079865_OQMD-EnID-1883.poscar,3.752
ID-4080000_OQMD-EnID-22025.poscar,1.155
ID-4080156_OQMD-EnID-12160.poscar,1.056
ID-4080183_OQMD-EnID-7323.poscar,2.184
ID-4080306_OQMD-EnID-2982.poscar,1.347
ID-4080354_OQMD-EnID-16458.poscar,2.55
ID-4080468_OQMD-EnID-4064.poscar,4.132
ID-4080552_OQMD-EnID-2983.poscar,1.354
ID-4080606_OQMD-EnID-6005.poscar,3.724
ID-4080645_OQMD-EnID-11096.poscar,2.54
ID-4080660_OQMD-EnID-16454.poscar,2.302
ID-4080690_OQMD-EnID-2364.poscar,1.45
ID-4080696_OQMD-EnID-2365.poscar,1.836
ID-4081050_OQMD-EnID-11367.poscar,2.921
ID-4081137_OQMD-EnID-19007.poscar,3.208
ID-4081161_OQMD-EnID-25355.poscar,2.081
ID-4081227_OQMD-EnID-6614.poscar,3.121
ID-4081263_OQMD-EnID-16456.poscar,0.432
ID-4081545_OQMD-EnID-2332.poscar,4.409
ID-4081569_OQMD-EnID-1866.poscar,0.875
ID-4081638_OQMD-EnID-3941.poscar,2.967
ID-4081734_OQMD-EnID-2998.poscar,1.568
ID-4081821_OQMD-EnID-24854.poscar,2.426
ID-4081830_OQMD-EnID-3940.poscar,2.931
ID-4081902_OQMD-EnID-24867.poscar,2.208
ID-4081929_OQMD-EnID-25035.poscar,1.157
ID-4081935_OQMD-EnID-5311.poscar,3.015
ID-4082199_OQMD-EnID-15535.poscar,4.163
ID-4082397_OQMD-EnID-3289.poscar,4.048
ID-4082658_OQMD-EnID-4361.poscar,1.183
ID-4082742_OQMD-EnID-5205.poscar,5.233
ID-4082769_OQMD-EnID-5414.poscar,1.027
ID-4082790_OQMD-EnID-5461.poscar,2.36
ID-4082793_OQMD-EnID-5468.poscar,2.461
ID-4082898_OQMD-EnID-6345.poscar,0.637
ID-4082901_OQMD-EnID-6422.poscar,1.101
ID-4083456_OQMD-EnID-14507.poscar,2.715
ID-4083477_OQMD-EnID-13345.poscar,3.094
ID-4083552_OQMD-EnID-25362.poscar,1.164
ID-4083558_OQMD-EnID-24195.poscar,2.343
ID-4084116_OQMD-EnID-14604.poscar,2.314
ID-4084143_OQMD-EnID-14509.poscar,1.918
ID-4084206_OQMD-EnID-13346.poscar,3.248
ID-4084302_OQMD-EnID-7158.poscar,3.912
ID-4084644_OQMD-EnID-12381.poscar,0.484
ID-4084944_OQMD-EnID-12711.poscar,1.758
ID-4085190_OQMD-EnID-6053.poscar,1.543
ID-4086018_OQMD-EnID-12313.poscar,1.052
ID-4086246_OQMD-EnID-12912.poscar,0.318
ID-4086255_OQMD-EnID-13123.poscar,1.125
ID-4086258_OQMD-EnID-13132.poscar,2.078
ID-4086564_OQMD-EnID-14269.poscar,3.557
ID-4086567_OQMD-EnID-14289.poscar,3.294
ID-4086615_OQMD-EnID-14508.poscar,2.359
ID-4086690_OQMD-EnID-14899.poscar,2.246
ID-4086888_OQMD-EnID-15706.poscar,1.375
ID-4086951_OQMD-EnID-16055.poscar,1.015
ID-4087026_OQMD-EnID-16333.poscar,1.775
ID-4087449_OQMD-EnID-20005.poscar,3.48
ID-4087545_OQMD-EnID-20536.poscar,5.996
ID-4088400_OQMD-EnID-22675.poscar,2.051
ID-4088574_OQMD-EnID-25470.poscar,3.503
ID-4088640_OQMD-EnID-6448.poscar,4.306
ID-4088724_OQMD-EnID-26111.poscar,0.201
ID-4089132_OQMD-EnID-3282.poscar,2.69
ID-4089219_OQMD-EnID-5542.poscar,3.624
ID-4089243_OQMD-EnID-5535.poscar,3.271
ID-4089264_OQMD-EnID-6121.poscar,1.586
ID-4089387_OQMD-EnID-6713.poscar,0.872
ID-4089540_OQMD-EnID-6312.poscar,3.222
ID-4089546_OQMD-EnID-26295.poscar,1.041
ID-4089612_OQMD-EnID-8395.poscar,2.199
ID-4089729_OQMD-EnID-6073.poscar,4.59
ID-4089738_OQMD-EnID-6079.poscar,4.89
ID-4089777_OQMD-EnID-6681.poscar,3.123
ID-4089852_OQMD-EnID-11402.poscar,2.777
ID-4089981_OQMD-EnID-3913.poscar,3.42
ID-4089987_OQMD-EnID-11742.poscar,3.916
ID-4089993_OQMD-EnID-13541.poscar,3.162
ID-4090032_OQMD-EnID-13476.poscar,2.916
ID-4090083_OQMD-EnID-11410.poscar,3.575
ID-4090206_OQMD-EnID-5489.poscar,3.459
ID-4090290_OQMD-EnID-14112.poscar,1.497
ID-4090359_OQMD-EnID-4125.poscar,3.327
ID-4090416_OQMD-EnID-13943.poscar,2.398
ID-4090647_OQMD-EnID-19530.poscar,0.37
ID-4090860_OQMD-EnID-14798.poscar,1.787
ID-4091004_OQMD-EnID-25361.poscar,1.492
ID-4091262_OQMD-EnID-24368.poscar,2.074
ID-4091295_OQMD-EnID-24596.poscar,3.103
ID-4091370_OQMD-EnID-25133.poscar,3.477
ID-4091385_OQMD-EnID-26843.poscar,0.609
ID-4091607_OQMD-EnID-25412.poscar,1.828
ID-4091631_OQMD-EnID-24769.poscar,0.557
ID-4091634_OQMD-EnID-1837.poscar,2.086
ID-4091883_OQMD-EnID-26494.poscar,1.016
ID-4092261_OQMD-EnID-2318.poscar,3.119
ID-4092375_OQMD-EnID-26178.poscar,3.08
ID-4092450_OQMD-EnID-7052.poscar,1.133
ID-4092483_OQMD-EnID-3790.poscar,2.318
ID-4092849_OQMD-EnID-5700.poscar,0.956
ID-4093047_OQMD-EnID-6078.poscar,4.718
ID-4093095_OQMD-EnID-1723.poscar,1.845
ID-4093113_OQMD-EnID-4462.poscar,4.55
ID-4093278_OQMD-EnID-3862.poscar,3.488
ID-4093293_OQMD-EnID-13446.poscar,3.07
ID-4093416_OQMD-EnID-4598.poscar,1.304
ID-4093776_OQMD-EnID-24868.poscar,1.879
ID-4093785_OQMD-EnID-2984.poscar,1.24
ID-4093848_OQMD-EnID-22871.poscar,3.378
ID-4093899_OQMD-EnID-22872.poscar,1.763
ID-4094010_OQMD-EnID-25354.poscar,2.766
ID-4094226_OQMD-EnID-1957.poscar,1.324
ID-4094292_OQMD-EnID-5756.poscar,2.692
ID-4094439_OQMD-EnID-6254.poscar,4.123
ID-4094583_OQMD-EnID-1770.poscar,5.474
ID-4094601_OQMD-EnID-2019.poscar,6.327
ID-4094607_OQMD-EnID-1715.poscar,1.77
ID-4094634_OQMD-EnID-1815.poscar,1.798
ID-4094661_OQMD-EnID-2504.poscar,3.233
ID-4094664_OQMD-EnID-2505.poscar,3.167
ID-4094667_OQMD-EnID-1896.poscar,1.681
ID-4094670_OQMD-EnID-2506.poscar,3.196
ID-4094688_OQMD-EnID-2210.poscar,3.883
ID-4094697_OQMD-EnID-2225.poscar,2.173
ID-4094742_OQMD-EnID-2530.poscar,0.814
ID-4094766_OQMD-EnID-3158.poscar,3.091
ID-4094772_OQMD-EnID-2989.poscar,1.429
ID-4094775_OQMD-EnID-3164.poscar,3.236
ID-4094814_OQMD-EnID-3117.poscar,2.91
ID-4094817_OQMD-EnID-3159.poscar,3.111
ID-4094823_OQMD-EnID-3466.poscar,3.934
ID-4094841_OQMD-EnID-3537.poscar,3.501
ID-4094844_OQMD-EnID-3503.poscar,1.047
ID-4094859_OQMD-EnID-3160.poscar,3.164
ID-4094868_OQMD-EnID-3163.poscar,3.194
ID-4094886_OQMD-EnID-3707.poscar,1.996
ID-4094892_OQMD-EnID-3405.poscar,4.013
ID-4094895_OQMD-EnID-3630.poscar,1.299
ID-4094904_OQMD-EnID-3165.poscar,3.387
ID-4094907_OQMD-EnID-3175.poscar,6.248
ID-4094913_OQMD-EnID-3176.poscar,3.164
ID-4094922_OQMD-EnID-3708.poscar,2.531
ID-4094925_OQMD-EnID-3709.poscar,2.286
ID-4094928_OQMD-EnID-3907.poscar,3.549
ID-4094949_OQMD-EnID-3514.poscar,4.987
ID-4094964_OQMD-EnID-3860.poscar,1.841
ID-4094973_OQMD-EnID-3549.poscar,5.172
ID-4095021_OQMD-EnID-3905.poscar,3.582
ID-4095024_OQMD-EnID-3927.poscar,2.925
ID-4095111_OQMD-EnID-4439.poscar,3.84
ID-4095120_OQMD-EnID-4529.poscar,4.743
ID-4095165_OQMD-EnID-4654.poscar,6.228
ID-4095168_OQMD-EnID-4653.poscar,4.258
ID-4095222_OQMD-EnID-5191.poscar,2.473
ID-4095225_OQMD-EnID-5192.poscar,0.223
ID-4095243_OQMD-EnID-5510.poscar,1.715
ID-4095258_OQMD-EnID-5000.poscar,6.165
ID-4095357_OQMD-EnID-5349.poscar,1.728
ID-4095387_OQMD-EnID-5797.poscar,2.378
ID-4095390_OQMD-EnID-6370.poscar,4.163
ID-4095414_OQMD-EnID-5091.poscar,5.908
ID-4095417_OQMD-EnID-5125.poscar,2.501
ID-4095465_OQMD-EnID-6670.poscar,6.31
ID-4095477_OQMD-EnID-7006.poscar,2.484
ID-4095480_OQMD-EnID-5991.poscar,5.601
ID-4095513_OQMD-EnID-6519.poscar,5.303
ID-4095516_OQMD-EnID-6522.poscar,1.375
ID-4095522_OQMD-EnID-6597.poscar,2.977
ID-4095534_OQMD-EnID-7202.poscar,2.021
ID-4095537_OQMD-EnID-6898.poscar,1.73
ID-4095582_OQMD-EnID-6776.poscar,1.796
ID-4095585_OQMD-EnID-6856.poscar,4.117
ID-4095591_OQMD-EnID-7200.poscar,1.59
ID-4095678_OQMD-EnID-6635.poscar,6.23
ID-4095681_OQMD-EnID-6636.poscar,6.341
ID-4095759_OQMD-EnID-7007.poscar,2.365
ID-4095837_OQMD-EnID-7963.poscar,1.436
ID-4095993_OQMD-EnID-11050.poscar,3.561
ID-4096074_OQMD-EnID-2789.poscar,0.847
ID-4096173_OQMD-EnID-11912.poscar,4.085
ID-4096191_OQMD-EnID-11330.poscar,3.353
ID-4096215_OQMD-EnID-11579.poscar,1.569
ID-4096248_OQMD-EnID-11616.poscar,4.167
ID-4096281_OQMD-EnID-675524.poscar,5.708
ID-4096341_OQMD-EnID-31814.poscar,2.865
ID-4097217_OQMD-EnID-17002.poscar,3.815
ID-4097283_OQMD-EnID-19687.poscar,1.48
ID-4097298_OQMD-EnID-4965.poscar,3.527
ID-4097316_OQMD-EnID-3753.poscar,4.299
ID-4097439_OQMD-EnID-2692.poscar,6.331
ID-4097442_OQMD-EnID-3724.poscar,3.53
ID-4097616_OQMD-EnID-13622.poscar,4.454
ID-4097628_OQMD-EnID-3483.poscar,5.986
ID-4097634_OQMD-EnID-4027.poscar,4.828
ID-4097694_OQMD-EnID-13523.poscar,4.552
ID-4097703_OQMD-EnID-16772.poscar,5.195
ID-4097724_OQMD-EnID-2168.poscar,3.006
ID-4097730_OQMD-EnID-11577.poscar,3.976
ID-4097742_OQMD-EnID-1917.poscar,1.727
ID-4100070_OQMD-EnID-14894.poscar,3.596
ID-4100073_OQMD-EnID-5388.poscar,4.902
ID-4100133_OQMD-EnID-3636.poscar,4.531
ID-4100136_OQMD-EnID-3088.poscar,5.638
ID-4100298_OQMD-EnID-7226.poscar,2.634
ID-4100337_OQMD-EnID-4513.poscar,2.52
ID-4100595_OQMD-EnID-4033.poscar,2.065
ID-4100601_OQMD-EnID-1733.poscar,3.592
ID-4100625_OQMD-EnID-3535.poscar,1.978
ID-4100742_OQMD-EnID-15840.poscar,1.497
ID-4100826_OQMD-EnID-2467.poscar,5.621
ID-4100829_OQMD-EnID-2996.poscar,1.921
ID-4100832_OQMD-EnID-11919.poscar,4.719
ID-4100841_OQMD-EnID-1936.poscar,2.71
ID-4100886_OQMD-EnID-5785.poscar,4.018
ID-4100910_OQMD-EnID-19006.poscar,1.595
ID-4100913_OQMD-EnID-2214.poscar,6.548
ID-4102290_OQMD-EnID-22580.poscar,3.154
ID-4102467_OQMD-EnID-16346.poscar,4.249
ID-4102569_OQMD-EnID-3080.poscar,5.207
ID-4102641_OQMD-EnID-5003.poscar,3.223
ID-4102668_OQMD-EnID-14809.poscar,0.775
ID-4102773_OQMD-EnID-4376.poscar,2.582
ID-4102785_OQMD-EnID-6328.poscar,3.003
ID-4103307_OQMD-EnID-7172.poscar,6.036
ID-4103415_OQMD-EnID-3352.poscar,1.947
ID-4103436_OQMD-EnID-6846.poscar,4.089
ID-4103442_OQMD-EnID-5901.poscar,2.996
ID-4103445_OQMD-EnID-3633.poscar,4.112
ID-4103460_OQMD-EnID-7220.poscar,2.32
ID-4103493_OQMD-EnID-12010.poscar,3.726
ID-4103544_OQMD-EnID-12492.poscar,1.696
ID-4103622_OQMD-EnID-24100.poscar,5.578
ID-4103718_OQMD-EnID-12993.poscar,3.845
ID-4103958_OQMD-EnID-14086.poscar,3.151
ID-4104009_OQMD-EnID-14343.poscar,0.987
ID-4104045_OQMD-EnID-14396.poscar,6.327
ID-4104240_OQMD-EnID-14874.poscar,1.77
ID-4104294_OQMD-EnID-14875.poscar,1.765
ID-4104300_OQMD-EnID-15116.poscar,0.798
ID-4104348_OQMD-EnID-17021.poscar,3.432
ID-4104396_OQMD-EnID-16979.poscar,3.543
ID-4104507_OQMD-EnID-17027.poscar,2.72
ID-4104588_OQMD-EnID-16262.poscar,0.244
ID-4104714_OQMD-EnID-19057.poscar,3.519
ID-4104717_OQMD-EnID-19059.poscar,3.555
ID-4104723_OQMD-EnID-19069.poscar,4.373
ID-4104795_OQMD-EnID-19060.poscar,3.689
ID-4104810_OQMD-EnID-19066.poscar,4.289
ID-4104912_OQMD-EnID-19977.poscar,4.044
ID-4104915_OQMD-EnID-19978.poscar,3.821
ID-4104981_OQMD-EnID-19714.poscar,4.135
ID-4105170_OQMD-EnID-22749.poscar,4.35
ID-4105173_OQMD-EnID-22751.poscar,4.364
ID-4105350_OQMD-EnID-24276.poscar,0.707
ID-4105377_OQMD-EnID-22680.poscar,2.817
ID-4105509_OQMD-EnID-23453.poscar,0.399
ID-4105611_OQMD-EnID-24135.poscar,2.087
ID-4105620_OQMD-EnID-24318.poscar,1.502
ID-4105896_OQMD-EnID-25037.poscar,1.576
ID-4105917_OQMD-EnID-25308.poscar,3.347
ID-4105968_OQMD-EnID-26190.poscar,1.432
ID-4106145_OQMD-EnID-26083.poscar,4.126
ID-4106241_OQMD-EnID-26095.poscar,4.13
ID-4106253_OQMD-EnID-26686.poscar,2.06
ID-4106259_OQMD-EnID-27167.poscar,3.49
ID-4107060_OQMD-EnID-23744.poscar,2.693
ID-4107588_OQMD-EnID-25417.poscar,1.902
ID-4118301_OQMD-EnID-3703.poscar,5.455
ID-4118322_OQMD-EnID-1793.poscar,0.462
ID-4145193_OQMD-EnID-3641.poscar,1.266
ID-4145205_OQMD-EnID-13148.poscar,3.818
ID-4145220_OQMD-EnID-13016.poscar,2.559
ID-4163055_OQMD-EnID-22738.poscar,2.498
ID-4163142_OQMD-EnID-16400.poscar,4.821
ID-4163193_OQMD-EnID-11967.poscar,1.086
ID-4163262_OQMD-EnID-23645.poscar,3.694
ID-4163286_OQMD-EnID-26543.poscar,3.943
ID-4163361_OQMD-EnID-22104.poscar,1.527
ID-4163388_OQMD-EnID-22105.poscar,1.803
ID-4163484_OQMD-EnID-24794.poscar,4.291
ID-4163490_OQMD-EnID-26853.poscar,4.17
ID-4163664_OQMD-EnID-6853.poscar,1.324
ID-4163712_OQMD-EnID-7017.poscar,6.664
ID-4176453_OQMD-EnID-1618.poscar,4.014
ID-4185960_OQMD-EnID-1832.poscar,3.395
ID-4187376_OQMD-EnID-20111.poscar,3.478
ID-4191834_OQMD-EnID-4688.poscar,2.456
ID-4193625_OQMD-EnID-2146.poscar,2.028
ID-4195290_OQMD-EnID-22568.poscar,0.298999999999999
ID-4196511_OQMD-EnID-6886.poscar,2.677
ID-4196544_OQMD-EnID-4510.poscar,5.69
ID-4198758_OQMD-EnID-23964.poscar,5.689
ID-4199439_OQMD-EnID-2464.poscar,3.286
ID-4200000_OQMD-EnID-5251.poscar,6.113
ID-4200882_OQMD-EnID-6605.poscar,2.874
ID-4201059_OQMD-EnID-18993.poscar,3.398
ID-4207329_OQMD-EnID-2545.poscar,5.096
ID-4208478_OQMD-EnID-4055.poscar,3.465
ID-4212393_OQMD-EnID-8482.poscar,1.878
ID-4218177_OQMD-EnID-24765.poscar,3.144
ID-4219320_OQMD-EnID-2360.poscar,2.448
ID-4219629_OQMD-EnID-11959.poscar,4.331
ID-4225941_OQMD-EnID-16003.poscar,3.591
ID-4246764_OQMD-EnID-15190.poscar,3.596
ID-4274436_OQMD-EnID-350231.poscar,4.307
ID-4279620_OQMD-EnID-350930.poscar,3.687
ID-4283481_OQMD-EnID-351202.poscar,3.399
ID-4283508_OQMD-EnID-4715.poscar,1.217
ID-4284459_OQMD-EnID-351222.poscar,4.236
ID-4292454_OQMD-EnID-352223.poscar,2.695
ID-4293675_OQMD-EnID-352504.poscar,0.883
ID-4377186_OQMD-EnID-2043.poscar,3.18
ID-4378200_OQMD-EnID-1868.poscar,3.917
ID-4378248_OQMD-EnID-18989.poscar,1.613
ID-4378356_OQMD-EnID-3568.poscar,6.211
ID-4387002_OQMD-EnID-3919.poscar,3.369
ID-4388988_OQMD-EnID-11753.poscar,4.554
ID-4403304_OQMD-EnID-2918.poscar,3.419
ID-4413210_OQMD-EnID-3030.poscar,4.36
ID-4434387_OQMD-EnID-2304.poscar,2.63
ID-4444479_OQMD-EnID-5048.poscar,5.038
ID-4444659_OQMD-EnID-3471.poscar,0.291
ID-4444746_OQMD-EnID-13756.poscar,4.851
ID-4463169_OQMD-EnID-6140.poscar,3.907
ID-4464102_OQMD-EnID-4621.poscar,7.288
ID-4465521_OQMD-EnID-27112.poscar,4.833
ID-4466892_OQMD-EnID-16060.poscar,2.736
ID-4467123_OQMD-EnID-18927.poscar,3.682
ID-4467231_OQMD-EnID-21027.poscar,6.172
ID-4467258_OQMD-EnID-7462.poscar,4.229
ID-4467300_OQMD-EnID-12484.poscar,3.431
ID-4467573_OQMD-EnID-17019.poscar,3.812
ID-4467768_OQMD-EnID-23524.poscar,1.037
ID-4467810_OQMD-EnID-6534.poscar,3.384
ID-4467873_OQMD-EnID-25413.poscar,1.828
ID-4468131_OQMD-EnID-4551.poscar,2.564
ID-4468161_OQMD-EnID-6194.poscar,3.614
ID-4468254_OQMD-EnID-2450.poscar,0.556
ID-4468257_OQMD-EnID-2363.poscar,1.31
ID-4468266_OQMD-EnID-1755.poscar,4.078
ID-4468272_OQMD-EnID-1962.poscar,5.548
ID-4468281_OQMD-EnID-2973.poscar,4.072
ID-4468284_OQMD-EnID-2746.poscar,3.157
ID-4468287_OQMD-EnID-2219.poscar,1.833
ID-4468317_OQMD-EnID-3208.poscar,4.815
ID-4468320_OQMD-EnID-3242.poscar,2.74
ID-4468341_OQMD-EnID-4169.poscar,2.97
ID-4468350_OQMD-EnID-3240.poscar,2.076
ID-4468371_OQMD-EnID-3162.poscar,3.245
ID-4468374_OQMD-EnID-4396.poscar,4.81
ID-4468398_OQMD-EnID-5704.poscar,3.95
ID-4468401_OQMD-EnID-5488.poscar,3.095
ID-4468488_OQMD-EnID-19935.poscar,4.532
ID-4468500_OQMD-EnID-7861.poscar,5.148
ID-4497213_OQMD-EnID-15280.poscar,6.128
ID-4500600_OQMD-EnID-1918.poscar,1.741
ID-4500639_OQMD-EnID-2122.poscar,2.996
ID-4500645_OQMD-EnID-3233.poscar,3.661
ID-4500648_OQMD-EnID-2123.poscar,2.762
ID-4500666_OQMD-EnID-3063.poscar,0.916
ID-4500669_OQMD-EnID-2412.poscar,1.78
ID-4500804_OQMD-EnID-2459.poscar,3.03
ID-4500864_OQMD-EnID-3331.poscar,4.263
ID-4500936_OQMD-EnID-3587.poscar,1.654
ID-4500948_OQMD-EnID-5372.poscar,1.458
ID-4500978_OQMD-EnID-2948.poscar,2.051
ID-4501065_OQMD-EnID-5531.poscar,1.324
ID-4501074_OQMD-EnID-4726.poscar,4.99
ID-4501083_OQMD-EnID-3356.poscar,0.939
ID-4501104_OQMD-EnID-5648.poscar,0.824
ID-4501167_OQMD-EnID-5621.poscar,2.138
ID-4501281_OQMD-EnID-2075.poscar,5.291
ID-4502469_OQMD-EnID-6806.poscar,1.574
ID-4502493_OQMD-EnID-7277.poscar,1.34
ID-4502625_OQMD-EnID-7274.poscar,1.853
ID-4502757_OQMD-EnID-8437.poscar,4.308
ID-4502868_OQMD-EnID-9948.poscar,0.542
ID-4504122_OQMD-EnID-4725.poscar,4.359
ID-4504197_OQMD-EnID-6270.poscar,4.028
ID-4504215_OQMD-EnID-12590.poscar,0.701
ID-4504224_OQMD-EnID-11405.poscar,0.69
ID-4504236_OQMD-EnID-7424.poscar,2.343
ID-4504248_OQMD-EnID-12613.poscar,2.675
ID-4504293_OQMD-EnID-13471.poscar,2.989
ID-4504389_OQMD-EnID-13601.poscar,2.029
ID-4504410_OQMD-EnID-13012.poscar,2.36
ID-4504521_OQMD-EnID-4912.poscar,4.853
ID-4504527_OQMD-EnID-4977.poscar,0.864
ID-4504542_OQMD-EnID-5371.poscar,5.431
ID-4504569_OQMD-EnID-13231.poscar,1.616
ID-4504830_OQMD-EnID-15981.poscar,0.721
ID-4504842_OQMD-EnID-14468.poscar,3.486
ID-4504851_OQMD-EnID-14504.poscar,1.595
ID-4504860_OQMD-EnID-14963.poscar,0.25
ID-4504917_OQMD-EnID-14505.poscar,1.648
ID-4504929_OQMD-EnID-14313.poscar,2.943
ID-4504950_OQMD-EnID-14961.poscar,0.907
ID-4504953_OQMD-EnID-14964.poscar,0.255
ID-4504971_OQMD-EnID-15854.poscar,1.952
ID-4505055_OQMD-EnID-14962.poscar,0.226
ID-4505070_OQMD-EnID-14959.poscar,0.267
ID-4505088_OQMD-EnID-14965.poscar,0.376
ID-4505130_OQMD-EnID-14400.poscar,1.667
ID-4505241_OQMD-EnID-14571.poscar,2.664
ID-4505313_OQMD-EnID-19123.poscar,1.082
ID-4505334_OQMD-EnID-17029.poscar,1.796
ID-4505412_OQMD-EnID-19124.poscar,1.088
ID-4505415_OQMD-EnID-20256.poscar,1.803
ID-4505460_OQMD-EnID-21181.poscar,3.273
ID-4505604_OQMD-EnID-22457.poscar,1.233
ID-4505658_OQMD-EnID-22703.poscar,3.035
ID-4505946_OQMD-EnID-24392.poscar,1.357
ID-4505982_OQMD-EnID-25377.poscar,0.809
ID-4506003_OQMD-EnID-24509.poscar,0.784
ID-4506057_OQMD-EnID-25744.poscar,0.329
ID-4506306_OQMD-EnID-28992.poscar,1.506
ID-4506381_OQMD-EnID-26155.poscar,2.153
ID-4507137_OQMD-EnID-2096.poscar,1.441
ID-4507890_OQMD-EnID-14790.poscar,3.319
ID-4508667_OQMD-EnID-6878.poscar,0.267
ID-4508781_OQMD-EnID-12581.poscar,1.326
ID-4508994_OQMD-EnID-12874.poscar,1.505
ID-4509018_OQMD-EnID-7311.poscar,1.447
ID-4725306_OQMD-EnID-2124.poscar,1.12
ID-4725348_OQMD-EnID-2707.poscar,2.391
ID-4725387_OQMD-EnID-2706.poscar,1.337
ID-4781469_OQMD-EnID-1916.poscar,1.435
ID-4781577_OQMD-EnID-4532.poscar,1.489
ID-4781607_OQMD-EnID-4911.poscar,4.495
ID-4781616_OQMD-EnID-2893.poscar,3.265
ID-4781697_OQMD-EnID-1623.poscar,1.181
ID-4781868_OQMD-EnID-5706.poscar,1.664
ID-4781955_OQMD-EnID-6349.poscar,3.572
ID-4782021_OQMD-EnID-11743.poscar,3.643
ID-4782039_OQMD-EnID-6885.poscar,1.163
ID-4782066_OQMD-EnID-5707.poscar,2.751
ID-4782120_OQMD-EnID-7008.poscar,3.637
ID-4782366_OQMD-EnID-13537.poscar,3.261
ID-4782378_OQMD-EnID-16662.poscar,4.443
ID-4782444_OQMD-EnID-14308.poscar,4.129
ID-4782450_OQMD-EnID-14373.poscar,0.236
ID-4782510_OQMD-EnID-14834.poscar,0.49
ID-4782990_OQMD-EnID-25161.poscar,2.705
ID-4783128_OQMD-EnID-24889.poscar,2.466
ID-4783140_OQMD-EnID-25748.poscar,3.865
ID-4783188_OQMD-EnID-26468.poscar,0.845
ID-4783203_OQMD-EnID-26709.poscar,4.342
ID-4783212_OQMD-EnID-21346.poscar,2.215
ID-4783215_OQMD-EnID-25873.poscar,2.582
ID-4783290_OQMD-EnID-25593.poscar,1.483
ID-4783293_OQMD-EnID-26404.poscar,1.018
ID-4784190_OQMD-EnID-15357.poscar,2.418
ID-4784301_OQMD-EnID-6249.poscar,0.934
ID-4784352_OQMD-EnID-15654.poscar,4.15
ID-4784466_OQMD-EnID-6186.poscar,7.826
ID-4784760_OQMD-EnID-23985.poscar,2.195
ID-4784796_OQMD-EnID-25002.poscar,1.823
ID-4784808_OQMD-EnID-25747.poscar,3.836
ID-4784832_OQMD-EnID-24229.poscar,2.908
ID-4785210_OQMD-EnID-2788.poscar,3.416
ID-4785285_OQMD-EnID-19526.poscar,4.221
ID-4785603_OQMD-EnID-4689.poscar,6.485
ID-4785627_OQMD-EnID-2320.poscar,3.767
ID-4785867_OQMD-EnID-25396.poscar,5.161
ID-4786041_OQMD-EnID-25749.poscar,3.143
ID-4786365_OQMD-EnID-2240.poscar,0.921
ID-4786380_OQMD-EnID-3740.poscar,4.096
ID-4786383_OQMD-EnID-4701.poscar,1.469
ID-4786395_OQMD-EnID-4702.poscar,1.225
ID-4786413_OQMD-EnID-5843.poscar,1.004
ID-4786446_OQMD-EnID-6240.poscar,4.037
ID-4786473_OQMD-EnID-1642.poscar,2.673
ID-4786494_OQMD-EnID-5211.poscar,3.236
ID-4786530_OQMD-EnID-7229.poscar,5.403
ID-4786536_OQMD-EnID-7242.poscar,2.219
ID-4786560_OQMD-EnID-7230.poscar,4.671
ID-4786683_OQMD-EnID-22609.poscar,1.806
ID-4786698_OQMD-EnID-20735.poscar,1.668
ID-4786764_OQMD-EnID-22842.poscar,2.24
ID-4786782_OQMD-EnID-22567.poscar,2.461
ID-4786818_OQMD-EnID-24325.poscar,2.798
ID-4786824_OQMD-EnID-23691.poscar,3.748
ID-4786842_OQMD-EnID-6759.poscar,2.178
ID-4786866_OQMD-EnID-13284.poscar,1.11
ID-4786956_OQMD-EnID-24160.poscar,2.441
ID-4787076_OQMD-EnID-25735.poscar,2.79
ID-4787103_OQMD-EnID-16985.poscar,2.398
ID-4787109_OQMD-EnID-26855.poscar,3.747
ID-4787484_OQMD-EnID-7337.poscar,1.78
ID-4787499_OQMD-EnID-11051.poscar,0.646
ID-4787523_OQMD-EnID-11440.poscar,3.138
ID-4787556_OQMD-EnID-11431.poscar,5.496
ID-4787583_OQMD-EnID-11503.poscar,3.081
ID-4787601_OQMD-EnID-11891.poscar,1.18
ID-4787613_OQMD-EnID-6893.poscar,1.993
ID-4787634_OQMD-EnID-11183.poscar,0.728
ID-4787637_OQMD-EnID-14110.poscar,1.206
ID-4787643_OQMD-EnID-11580.poscar,1.791
ID-4787646_OQMD-EnID-12630.poscar,3.589
ID-4787676_OQMD-EnID-12110.poscar,4.095
ID-4787739_OQMD-EnID-11704.poscar,2.019
ID-4787967_OQMD-EnID-12201.poscar,4.839
ID-4787988_OQMD-EnID-15864.poscar,0.308
ID-4788123_OQMD-EnID-4258.poscar,3.485
ID-4788420_OQMD-EnID-16484.poscar,3.58
ID-4788552_OQMD-EnID-16023.poscar,3.126
ID-4788561_OQMD-EnID-15709.poscar,0.265
ID-4788582_OQMD-EnID-16024.poscar,3.039
ID-4788657_OQMD-EnID-4489.poscar,2.925
ID-4788912_OQMD-EnID-11432.poscar,4.235
ID-4789179_OQMD-EnID-22817.poscar,3.379
ID-4789215_OQMD-EnID-26796.poscar,0.336
ID-4790718_OQMD-EnID-31849.poscar,1.633
ID-4801359_OQMD-EnID-646111.poscar,1.329
ID-4801362_OQMD-EnID-646113.poscar,1.681
ID-4801365_OQMD-EnID-646114.poscar,1.551
ID-4801695_OQMD-EnID-646250.poscar,2.097
ID-4801713_OQMD-EnID-646261.poscar,5.012
ID-4801716_OQMD-EnID-646262.poscar,5.054
ID-4801752_OQMD-EnID-646283.poscar,0.409
ID-4801800_OQMD-EnID-646305.poscar,2.481
ID-4801815_OQMD-EnID-646331.poscar,3.346
ID-4801833_OQMD-EnID-646358.poscar,1.248
ID-4801878_OQMD-EnID-646376.poscar,2.003
ID-4801893_OQMD-EnID-646381.poscar,4.07
ID-4801962_OQMD-EnID-646416.poscar,1.575
ID-4801977_OQMD-EnID-646426.poscar,4.067
ID-4801992_OQMD-EnID-646433.poscar,0.249000000000001
ID-4802139_OQMD-EnID-646517.poscar,3.374
ID-4802259_OQMD-EnID-646606.poscar,4.049
ID-4802295_OQMD-EnID-646635.poscar,2.825
ID-4802298_OQMD-EnID-646637.poscar,3.837
ID-4802301_OQMD-EnID-646638.poscar,3.972
ID-4802334_OQMD-EnID-646675.poscar,1.014
ID-4802340_OQMD-EnID-646683.poscar,1.539
ID-4802784_OQMD-EnID-646890.poscar,3.5
ID-4802787_OQMD-EnID-646891.poscar,4.158
ID-4803822_OQMD-EnID-647366.poscar,3.999
ID-4803825_OQMD-EnID-647370.poscar,3.955
ID-4810677_OQMD-EnID-643778.poscar,2.451
ID-4810989_OQMD-EnID-642485.poscar,1.466
ID-4811007_OQMD-EnID-645080.poscar,1.529
ID-4811043_OQMD-EnID-644572.poscar,5.086
ID-4811061_OQMD-EnID-37462.poscar,3.714
ID-4811166_OQMD-EnID-645651.poscar,1.012
ID-4812819_OQMD-EnID-83535.poscar,0.686
ID-4812894_OQMD-EnID-1784.poscar,2.137
ID-4812936_OQMD-EnID-39365.poscar,2.892
ID-4813101_OQMD-EnID-644611.poscar,4.335
ID-4813212_OQMD-EnID-643735.poscar,2.33
ID-4813305_OQMD-EnID-38262.poscar,2.643
ID-4813629_OQMD-EnID-3547.poscar,5.166
ID-4814169_OQMD-EnID-673107.poscar,3.168
ID-4814373_OQMD-EnID-36607.poscar,1.891
ID-4814607_OQMD-EnID-651339.poscar,3.984
ID-4814712_OQMD-EnID-119438.poscar,2.163
ID-4815366_OQMD-EnID-1617.poscar,3.15
ID-4815513_OQMD-EnID-97444.poscar,1.867
ID-4815669_OQMD-EnID-7014.poscar,3.247
ID-4817094_OQMD-EnID-36927.poscar,2.426
ID-4817814_OQMD-EnID-647555.poscar,2.624
ID-4817817_OQMD-EnID-42823.poscar,4.457
ID-4817892_OQMD-EnID-25897.poscar,0.954
ID-4818018_OQMD-EnID-4488.poscar,3.447
ID-4818060_OQMD-EnID-112209.poscar,1.977
ID-4818135_OQMD-EnID-23562.poscar,2.223
ID-4818249_OQMD-EnID-1841.poscar,5.712
ID-4818267_OQMD-EnID-1889.poscar,4.519
ID-4818306_OQMD-EnID-1737.poscar,3.103
ID-4818348_OQMD-EnID-1937.poscar,3.13
ID-4818357_OQMD-EnID-3038.poscar,4.498
ID-4818363_OQMD-EnID-2470.poscar,4.53
ID-4818372_OQMD-EnID-1664.poscar,3.685
ID-4818408_OQMD-EnID-2229.poscar,2.863
ID-4818426_OQMD-EnID-2740.poscar,2.818
ID-4818474_OQMD-EnID-1965.poscar,3.691
ID-4818480_OQMD-EnID-3882.poscar,5.043
ID-4818483_OQMD-EnID-3417.poscar,3.687
ID-4818489_OQMD-EnID-1939.poscar,3.203
ID-4818495_OQMD-EnID-4375.poscar,3.224
ID-4818528_OQMD-EnID-3795.poscar,5.879
ID-4818540_OQMD-EnID-4324.poscar,4.717
ID-4818546_OQMD-EnID-4736.poscar,1.599
ID-4818558_OQMD-EnID-4127.poscar,3.18
ID-4818564_OQMD-EnID-3826.poscar,2.548
ID-4818651_OQMD-EnID-4709.poscar,2.465
ID-4818675_OQMD-EnID-3425.poscar,3.549
ID-4818693_OQMD-EnID-6498.poscar,0.885
ID-4818720_OQMD-EnID-3011.poscar,3.202
ID-4818744_OQMD-EnID-2120.poscar,2.088
ID-4818786_OQMD-EnID-6606.poscar,4.727
ID-4818810_OQMD-EnID-2121.poscar,1.973
ID-4818834_OQMD-EnID-6869.poscar,3.286
ID-4818873_OQMD-EnID-6590.poscar,3.442
ID-4818960_OQMD-EnID-11237.poscar,5.767
ID-4819032_OQMD-EnID-11558.poscar,1.583
ID-4819086_OQMD-EnID-11923.poscar,0.517
ID-4819164_OQMD-EnID-11893.poscar,2.126
ID-4819212_OQMD-EnID-12984.poscar,3.64
ID-4819221_OQMD-EnID-12297.poscar,2.868
ID-4819296_OQMD-EnID-12473.poscar,3.114
ID-4819314_OQMD-EnID-2119.poscar,2.016
ID-4819341_OQMD-EnID-11699.poscar,0.308
ID-4819377_OQMD-EnID-646540.poscar,0.473
ID-4819467_OQMD-EnID-13267.poscar,1.834
ID-4819524_OQMD-EnID-13438.poscar,4.536
ID-4819557_OQMD-EnID-14203.poscar,1.182
ID-4819722_OQMD-EnID-15208.poscar,0.599
ID-4819725_OQMD-EnID-15653.poscar,1.438
ID-4819740_OQMD-EnID-14776.poscar,1.481
ID-4819755_OQMD-EnID-15199.poscar,3.674
ID-4819803_OQMD-EnID-15980.poscar,0.962
ID-4819812_OQMD-EnID-16497.poscar,5.846
ID-4819893_OQMD-EnID-16881.poscar,3.736
ID-4819923_OQMD-EnID-16693.poscar,0.918
ID-4819995_OQMD-EnID-16920.poscar,4.957
ID-4820142_OQMD-EnID-16165.poscar,1.589
ID-4820178_OQMD-EnID-20265.poscar,4.389
ID-4820187_OQMD-EnID-20128.poscar,1.239
ID-4820193_OQMD-EnID-20834.poscar,4.457
ID-4820268_OQMD-EnID-20380.poscar,3.914
ID-4820430_OQMD-EnID-21885.poscar,0.912
ID-4820526_OQMD-EnID-23047.poscar,1.034
ID-4820577_OQMD-EnID-22779.poscar,2.259
ID-4820586_OQMD-EnID-22627.poscar,5.47
ID-4820619_OQMD-EnID-24169.poscar,0.595
ID-4820628_OQMD-EnID-22435.poscar,3.793
ID-4820691_OQMD-EnID-24813.poscar,1.694
ID-4820727_OQMD-EnID-24667.poscar,1.82
ID-4820814_OQMD-EnID-25351.poscar,2.553
ID-4820970_OQMD-EnID-24112.poscar,0.591
ID-4821006_OQMD-EnID-25828.poscar,3.186
ID-4821009_OQMD-EnID-26930.poscar,3.836
ID-4821015_OQMD-EnID-26931.poscar,3.778
ID-4821021_OQMD-EnID-27047.poscar,4.989
ID-4821027_OQMD-EnID-26933.poscar,3.79
ID-4821030_OQMD-EnID-27012.poscar,2.785
ID-4821093_OQMD-EnID-26244.poscar,0.361
ID-4821096_OQMD-EnID-26303.poscar,3.473
ID-4821126_OQMD-EnID-27010.poscar,2.984
ID-4821138_OQMD-EnID-27009.poscar,2.967
ID-4821141_OQMD-EnID-27008.poscar,2.76
ID-4821327_OQMD-EnID-25794.poscar,0.424
ID-4821510_OQMD-EnID-1769.poscar,1.448
ID-4821774_OQMD-EnID-32716.poscar,3.254
ID-4821825_OQMD-EnID-646253.poscar,1.555
ID-4821891_OQMD-EnID-101066.poscar,4.53
ID-4821954_OQMD-EnID-650297.poscar,2.294
ID-4822089_OQMD-EnID-18999.poscar,4.501
ID-4822251_OQMD-EnID-24179.poscar,4.475
ID-4822311_OQMD-EnID-23527.poscar,2.407
ID-4822335_OQMD-EnID-24894.poscar,2.316
ID-4822368_OQMD-EnID-24155.poscar,3.63
ID-4822431_OQMD-EnID-11741.poscar,6.167
ID-4822488_OQMD-EnID-123203.poscar,3.434
ID-4822812_OQMD-EnID-2826.poscar,3.375
ID-4822818_OQMD-EnID-4841.poscar,2.864
ID-4822905_OQMD-EnID-22173.poscar,3.504
ID-4822911_OQMD-EnID-23974.poscar,0.438
ID-4822968_OQMD-EnID-21689.poscar,2.594
ID-4822974_OQMD-EnID-4455.poscar,2.743
ID-4823190_OQMD-EnID-38967.poscar,2.869
ID-4823256_OQMD-EnID-431936.poscar,1.344
ID-4823277_OQMD-EnID-431928.poscar,0.920999999999999
ID-4823436_OQMD-EnID-432457.poscar,0.241
ID-4823973_OQMD-EnID-434065.poscar,0.721
ID-4824387_OQMD-EnID-431900.poscar,3.575
ID-4824390_OQMD-EnID-431926.poscar,3.48
ID-4824426_OQMD-EnID-431944.poscar,3.549
ID-4824450_OQMD-EnID-431918.poscar,3.817
ID-4824678_OQMD-EnID-432107.poscar,2.313
ID-4825290_OQMD-EnID-432196.poscar,3.167
ID-4825638_OQMD-EnID-432932.poscar,0.421
ID-4826853_OQMD-EnID-433948.poscar,0.883
ID-4827795_OQMD-EnID-109011.poscar,3.903
ID-4828557_OQMD-EnID-431934.poscar,3.531
ID-4828569_OQMD-EnID-431933.poscar,3.603
ID-4829031_OQMD-EnID-2039.poscar,3.24
ID-4829052_OQMD-EnID-2648.poscar,4.06
ID-4829103_OQMD-EnID-2068.poscar,1.816
ID-4829169_OQMD-EnID-3029.poscar,3.991
ID-4829184_OQMD-EnID-2323.poscar,2.635
ID-4829211_OQMD-EnID-3810.poscar,3.504
ID-4829220_OQMD-EnID-1741.poscar,3.182
ID-4829241_OQMD-EnID-2104.poscar,2.699
ID-4829268_OQMD-EnID-1651.poscar,2.744
ID-4829277_OQMD-EnID-2647.poscar,2.869
ID-4829295_OQMD-EnID-2023.poscar,3.155
ID-4829376_OQMD-EnID-4842.poscar,2.362
ID-4829379_OQMD-EnID-4508.poscar,2.397
ID-4829409_OQMD-EnID-5023.poscar,2.26
ID-4829439_OQMD-EnID-4667.poscar,0.292
ID-4829538_OQMD-EnID-4518.poscar,2.383
ID-4829589_OQMD-EnID-432145.poscar,1.028
ID-4829622_OQMD-EnID-10001.poscar,3.613
ID-4829661_OQMD-EnID-10003.poscar,3.633
ID-4829676_OQMD-EnID-11087.poscar,1.76
ID-4829706_OQMD-EnID-11557.poscar,1.881
ID-4829748_OQMD-EnID-11209.poscar,0.433
ID-4829799_OQMD-EnID-11767.poscar,0.528
ID-4829802_OQMD-EnID-5964.poscar,1.866
ID-4829805_OQMD-EnID-12022.poscar,1.861
ID-4829868_OQMD-EnID-11917.poscar,4.812
ID-4829961_OQMD-EnID-13303.poscar,2.135
ID-4829988_OQMD-EnID-12916.poscar,2.869
ID-4830057_OQMD-EnID-12750.poscar,2.37
ID-4830111_OQMD-EnID-12121.poscar,1.773
ID-4830150_OQMD-EnID-14312.poscar,4.647
ID-4830258_OQMD-EnID-11719.poscar,3.406
ID-4830324_OQMD-EnID-14077.poscar,2.957
ID-4830420_OQMD-EnID-14929.poscar,1.52
ID-4830492_OQMD-EnID-15606.poscar,1.63
ID-4830528_OQMD-EnID-14076.poscar,3.545
ID-4830603_OQMD-EnID-16002.poscar,0.396000000000001
ID-4830729_OQMD-EnID-16145.poscar,3.528
ID-4830870_OQMD-EnID-19251.poscar,3.618
ID-4830939_OQMD-EnID-19252.poscar,3.197
ID-4830996_OQMD-EnID-16212.poscar,4.732
ID-4831002_OQMD-EnID-19749.poscar,4.542
ID-4831065_OQMD-EnID-16237.poscar,0.375
ID-4831074_OQMD-EnID-20931.poscar,0.782999999999999
ID-4831113_OQMD-EnID-19875.poscar,3.8
ID-4831149_OQMD-EnID-20401.poscar,0.757000000000001
ID-4831161_OQMD-EnID-19822.poscar,2.049
ID-4831266_OQMD-EnID-16725.poscar,3.183
ID-4831287_OQMD-EnID-16933.poscar,0.369
ID-4831359_OQMD-EnID-20793.poscar,1.247
ID-4831374_OQMD-EnID-22063.poscar,3.536
ID-4831395_OQMD-EnID-22064.poscar,3.542
ID-4831431_OQMD-EnID-22065.poscar,3.13
ID-4831503_OQMD-EnID-18991.poscar,3.515
ID-4831506_OQMD-EnID-4712.poscar,2.815
ID-4831524_OQMD-EnID-23322.poscar,2.92
ID-4831533_OQMD-EnID-23321.poscar,3.035
ID-4832235_OQMD-EnID-679867.poscar,1.687
ID-4832295_OQMD-EnID-680158.poscar,1.714
ID-4832376_OQMD-EnID-680270.poscar,1.68
ID-4835073_OQMD-EnID-19808.poscar,1.629
ID-4835103_OQMD-EnID-24740.poscar,1.07
ID-4835124_OQMD-EnID-23475.poscar,1.949
ID-4835184_OQMD-EnID-11765.poscar,2.346
ID-4835214_OQMD-EnID-22870.poscar,2.854
ID-4835217_OQMD-EnID-24624.poscar,3.211
ID-4835232_OQMD-EnID-24442.poscar,2.676
ID-4835382_OQMD-EnID-26538.poscar,4.39
ID-4839717_OQMD-EnID-26944.poscar,2.386
ID-4839747_OQMD-EnID-32510.poscar,0.738
ID-4839756_OQMD-EnID-21803.poscar,2.872
ID-4839837_OQMD-EnID-87391.poscar,4.075
ID-4839843_OQMD-EnID-43370.poscar,5.697
ID-4839897_OQMD-EnID-25505.poscar,1.683
ID-4839927_OQMD-EnID-36537.poscar,2.863
ID-4839936_OQMD-EnID-60632.poscar,2.513
ID-4839948_OQMD-EnID-25736.poscar,5.603
ID-4840053_OQMD-EnID-646778.poscar,2.384
ID-4840314_OQMD-EnID-11916.poscar,5.327
ID-4840341_OQMD-EnID-646493.poscar,2.863
ID-4840614_OQMD-EnID-678086.poscar,4.009
ID-4840857_OQMD-EnID-15424.poscar,5.42
ID-4841190_OQMD-EnID-22759.poscar,5.284
ID-4841256_OQMD-EnID-678505.poscar,3.425
ID-4841283_OQMD-EnID-678277.poscar,2.934
ID-4841334_OQMD-EnID-24597.poscar,4.308
ID-4841469_OQMD-EnID-678398.poscar,2.991
ID-4841478_OQMD-EnID-21714.poscar,3.267
ID-4841775_OQMD-EnID-678582.poscar,1.474
ID-4841820_OQMD-EnID-678635.poscar,2.976
ID-4841982_OQMD-EnID-24198.poscar,4.052
ID-4842519_OQMD-EnID-678860.poscar,2.936
ID-4842678_OQMD-EnID-678714.poscar,1.926
ID-4843137_OQMD-EnID-678942.poscar,2.833
ID-4843440_OQMD-EnID-22821.poscar,3.983
ID-4843542_OQMD-EnID-3225.poscar,3.766
ID-4844007_OQMD-EnID-21231.poscar,4.05
ID-4844025_OQMD-EnID-679059.poscar,3.164
ID-4844712_OQMD-EnID-679309.poscar,1.359
ID-4844910_OQMD-EnID-679401.poscar,1.491
ID-4846953_OQMD-EnID-679697.poscar,1.376
ID-4848840_OQMD-EnID-681387.poscar,0.671
ID-4848843_OQMD-EnID-681403.poscar,1.257
ID-4848864_OQMD-EnID-681431.poscar,2.97
ID-4848879_OQMD-EnID-681476.poscar,2.406
ID-4848909_OQMD-EnID-681504.poscar,2.29
ID-4848963_OQMD-EnID-681590.poscar,2.375
ID-4848993_OQMD-EnID-681507.poscar,0.744999999999999
ID-4849002_OQMD-EnID-681583.poscar,4.657
ID-4849020_OQMD-EnID-681610.poscar,1.214
ID-4849113_OQMD-EnID-681760.poscar,1.081
ID-4849143_OQMD-EnID-681802.poscar,1.333
ID-4849164_OQMD-EnID-681794.poscar,1.151
ID-4849269_OQMD-EnID-682003.poscar,0.674
ID-4849299_OQMD-EnID-682008.poscar,1.048
ID-4849407_OQMD-EnID-682158.poscar,1.109
ID-4849416_OQMD-EnID-682156.poscar,2.237
ID-4849443_OQMD-EnID-682227.poscar,1.119
ID-4849452_OQMD-EnID-682197.poscar,2.196
ID-4849458_OQMD-EnID-682189.poscar,1.248
ID-4849461_OQMD-EnID-682235.poscar,2.475
ID-4849467_OQMD-EnID-682233.poscar,2.441
ID-4849491_OQMD-EnID-682260.poscar,4.349
ID-4849548_OQMD-EnID-682294.poscar,1.196
ID-4849599_OQMD-EnID-682411.poscar,1.144
ID-4849614_OQMD-EnID-682453.poscar,0.729
ID-4849779_OQMD-EnID-682729.poscar,0.945
ID-4849884_OQMD-EnID-682842.poscar,0.708
ID-4849896_OQMD-EnID-2303.poscar,4.052
ID-4849899_OQMD-EnID-1688.poscar,3.439
ID-4849914_OQMD-EnID-2277.poscar,4.052
ID-4850994_OQMD-EnID-688027.poscar,2.079
ID-4851216_OQMD-EnID-681360.poscar,4.487
ID-4851228_OQMD-EnID-681426.poscar,0.454
ID-4851240_OQMD-EnID-682967.poscar,3.199
ID-4851372_OQMD-EnID-45987.poscar,1.876
ID-4851408_OQMD-EnID-681376.poscar,1.949
ID-4851456_OQMD-EnID-681457.poscar,0.774999999999999
ID-4851459_OQMD-EnID-681396.poscar,3.774
ID-4851519_OQMD-EnID-681468.poscar,4.363
ID-4851537_OQMD-EnID-681540.poscar,4.473
ID-4851582_OQMD-EnID-681448.poscar,3.938
ID-4851627_OQMD-EnID-681559.poscar,4.716
ID-4851870_OQMD-EnID-686380.poscar,0.636
ID-4851912_OQMD-EnID-681491.poscar,3.798
ID-4851933_OQMD-EnID-681696.poscar,2.578
ID-4851939_OQMD-EnID-681716.poscar,2.851
ID-4852041_OQMD-EnID-681428.poscar,1.203
ID-4852212_OQMD-EnID-681800.poscar,4.544
ID-4852380_OQMD-EnID-681868.poscar,4.871
ID-4852437_OQMD-EnID-681900.poscar,4.217
ID-4852548_OQMD-EnID-681862.poscar,2.645
ID-4852554_OQMD-EnID-681928.poscar,2.627
ID-4852665_OQMD-EnID-682013.poscar,4.42
ID-4852668_OQMD-EnID-682074.poscar,6.198
ID-4852671_OQMD-EnID-681970.poscar,4.521
ID-4852695_OQMD-EnID-681998.poscar,0.906
ID-4852761_OQMD-EnID-681881.poscar,2.645
ID-4852791_OQMD-EnID-682040.poscar,0.623
ID-4852926_OQMD-EnID-682090.poscar,0.604
ID-4852929_OQMD-EnID-681978.poscar,2.529
ID-4852932_OQMD-EnID-682089.poscar,3.706
ID-4852986_OQMD-EnID-681780.poscar,0.435
ID-4853052_OQMD-EnID-681384.poscar,4.701
ID-4853064_OQMD-EnID-682134.poscar,4.565
ID-4853121_OQMD-EnID-682160.poscar,2.116
ID-4853157_OQMD-EnID-682037.poscar,1.897
ID-4853172_OQMD-EnID-689740.poscar,0.23
ID-4853247_OQMD-EnID-681658.poscar,4.083
ID-4853322_OQMD-EnID-689741.poscar,0.248
ID-4853325_OQMD-EnID-683781.poscar,2.207
ID-4853382_OQMD-EnID-681987.poscar,2.583
ID-4853949_OQMD-EnID-2704.poscar,2.749
ID-4853976_OQMD-EnID-2451.poscar,3.244
ID-4854108_OQMD-EnID-2083.poscar,1.275
ID-4854129_OQMD-EnID-685804.poscar,3.593
ID-4854162_OQMD-EnID-3560.poscar,4.388
ID-4854171_OQMD-EnID-2720.poscar,1.476
ID-4854255_OQMD-EnID-2937.poscar,7.545
ID-4854300_OQMD-EnID-2432.poscar,1.161
ID-4854369_OQMD-EnID-3629.poscar,6.392
ID-4854381_OQMD-EnID-2224.poscar,1.35
ID-4854414_OQMD-EnID-3628.poscar,4.306
ID-4854435_OQMD-EnID-3268.poscar,1.503
ID-4854486_OQMD-EnID-3879.poscar,2.477
ID-4854576_OQMD-EnID-3190.poscar,2.245
ID-4854594_OQMD-EnID-4740.poscar,1.633
ID-4854597_OQMD-EnID-3787.poscar,3.672
ID-4854603_OQMD-EnID-682625.poscar,3.98
ID-4854624_OQMD-EnID-682721.poscar,4.491
ID-4854642_OQMD-EnID-5275.poscar,3.415
ID-4854648_OQMD-EnID-2722.poscar,2.584
ID-4854684_OQMD-EnID-3166.poscar,2.242
ID-4854732_OQMD-EnID-6130.poscar,4.74
ID-4854753_OQMD-EnID-6459.poscar,4.573
ID-4854804_OQMD-EnID-5862.poscar,7.533
ID-4854825_OQMD-EnID-6351.poscar,3.543
ID-4854888_OQMD-EnID-2409.poscar,3.884
ID-4854936_OQMD-EnID-682614.poscar,3.197
ID-4855005_OQMD-EnID-682712.poscar,0.618
ID-4855062_OQMD-EnID-7384.poscar,3.714
ID-4855092_OQMD-EnID-3124.poscar,1.866
ID-4855095_OQMD-EnID-4233.poscar,3.248
ID-4855131_OQMD-EnID-682518.poscar,1.002
ID-4855164_OQMD-EnID-11223.poscar,4.237
ID-4855212_OQMD-EnID-7382.poscar,3.327
ID-4855269_OQMD-EnID-6147.poscar,2.602
ID-4855293_OQMD-EnID-11561.poscar,2.029
ID-4855338_OQMD-EnID-11586.poscar,6.08
ID-4855374_OQMD-EnID-5112.poscar,3.769
ID-4855389_OQMD-EnID-83379.poscar,0.251
ID-4855413_OQMD-EnID-4494.poscar,2.273
ID-4855467_OQMD-EnID-4493.poscar,2.349
ID-4855485_OQMD-EnID-11674.poscar,3.022
ID-4855506_OQMD-EnID-13136.poscar,1.797
ID-4855518_OQMD-EnID-682934.poscar,2.745
ID-4855536_OQMD-EnID-682921.poscar,4.732
ID-4855581_OQMD-EnID-3965.poscar,1.745
ID-4855590_OQMD-EnID-682933.poscar,6.026
ID-4855662_OQMD-EnID-682924.poscar,1.428
ID-4855698_OQMD-EnID-11408.poscar,1.628
ID-4855752_OQMD-EnID-11477.poscar,2.507
ID-4855815_OQMD-EnID-11323.poscar,2.498
ID-4855863_OQMD-EnID-11975.poscar,1.934
ID-4855890_OQMD-EnID-14115.poscar,1.893
ID-4855926_OQMD-EnID-6983.poscar,1.965
ID-4855935_OQMD-EnID-13443.poscar,4.122